episode,reward,loss,epsilon,crops,covered,val_recall,val_crops,val_score
1,0.95,0.0,0.9996,3,2,0.3001,12.0,-0.0193
2,7.8,0.0,0.999,5,9,,,
3,6.95,0.0,0.9984,7,9,,,
4,10.8,0.0,0.9978,9,14,,,
5,-1.1,0.0,0.9973,7,0,,,
6,19.25,0.0,0.9965,12,23,,,
7,6.5,0.0,0.9957,9,10,,,
8,18.35,0.0,0.9949,9,22,,,
9,24.4,0.0,0.9944,7,28,,,
10,7.35,0.0,0.9939,3,9,,,
11,19.05,0.0,0.9934,3,20,,,
12,1.75,0.0,0.993,6,5,,,
13,9.65,0.0,0.9927,5,11,,,
14,13.95,0.0,0.9916,13,17,,,
15,6.65,0.0,0.991,7,12,,,
16,10.4,0.0,0.99,11,13,,,
17,1.9,0.0,0.9897,3,3,,,
18,40.35,0.0,0.9887,11,46,,,
19,-2.35,0.0,0.988,10,1,,,
20,-0.3,0.0,0.9874,8,1,,,
21,-0.5,0.0,0.9871,3,0,,,
22,5.8,0.0,0.9864,9,8,,,
23,2.35,0.0,0.9859,8,4,,,
24,10.85,0.0,0.9854,6,12,,,
25,17.4,0.0,0.9849,7,19,,,
26,56.9,0.0,0.984,11,62,,,
27,1.4,0.0,0.9832,11,4,,,
28,0.95,0.0,0.9825,8,3,,,
29,-0.9,0.0,0.9819,6,0,,,
30,42.2,0.0,0.9811,8,46,,,
31,1.7,0.0,0.9804,8,3,,,
32,6.25,0.0,0.98,6,9,,,
33,20.1,0.0,0.979,13,25,,,
34,0.9,0.0,0.9785,7,2,,,
35,22.95,0.0,0.9778,9,26,,,
36,0.8,0.0,0.9771,10,3,,,
37,10.3,0.0,0.9764,9,14,,,
38,69.0,0.0,0.9757,10,75,,,
39,-0.15,0.0,0.9749,10,2,,,
40,3.9,0.0,0.9743,7,6,,,
41,1.1,0.0,0.9733,11,5,,,
42,7.55,0.0,0.9725,10,10,,,
43,1.4,0.0,0.9719,8,3,,,
44,10.85,0.0,0.9714,6,13,,,
45,6.1,0.0,0.9711,4,7,,,
46,30.75,0.0,0.9707,6,34,,,
47,19.6,0.0,0.9698,11,24,,,
48,28.55,0.0,0.9688,12,34,,,
49,0.5,0.0,0.968,12,3,,,
50,6.15,1.291,0.9671,10,8,,,
51,1.7,1.4174,0.9664,8,3,,,
52,30.6,1.2364,0.9654,13,36,,,
53,1.3,1.2721,0.9648,6,3,,,
54,7.6,1.3285,0.9641,7,9,,,
55,2.85,1.3404,0.9633,10,7,,,
56,12.5,1.0936,0.9623,11,16,,,
57,-2.45,1.3024,0.9613,13,1,,,
58,0.3,1.3272,0.961,4,2,,,
59,9.15,1.2457,0.9602,9,11,,,
60,26.1,1.3812,0.9592,12,30,,,
61,35.3,1.3022,0.9582,11,40,,,
62,-1.6,1.2981,0.9574,10,0,,,
63,7.25,1.3834,0.9573,3,9,,,
64,-0.95,1.0481,0.9569,5,0,,,
65,-0.45,1.2825,0.9562,6,1,,,
66,15.2,1.1907,0.9557,5,17,,,
67,-0.75,1.2535,0.9554,5,0,,,
68,21.9,1.1424,0.9543,12,30,,,
69,0.5,1.0365,0.9535,12,3,,,
70,5.2,1.1961,0.9529,5,7,,,
71,19.1,1.2223,0.9524,7,21,,,
72,0.95,1.2044,0.9521,4,2,,,
73,-0.55,0.9015,0.9517,3,0,,,
74,16.05,0.9992,0.9511,8,19,,,
75,11.0,1.1156,0.9507,5,12,,,
76,1.95,1.2172,0.9499,10,5,,,
77,0.55,1.2938,0.9493,6,2,,,
78,0.55,1.1313,0.9486,7,2,,,
79,5.85,0.8928,0.9477,9,8,,,
80,-0.45,0.9879,0.9467,12,2,,,
81,-1.55,1.0086,0.946,7,0,,,
82,3.05,1.0805,0.9454,8,10,,,
83,2.15,0.9967,0.9453,2,3,,,
84,0.6,1.0257,0.9447,8,4,,,
85,3.1,1.143,0.9441,8,5,,,
86,14.1,1.1222,0.9432,13,19,,,
87,38.55,0.9549,0.9425,9,41,,,
88,8.05,1.0644,0.9415,12,13,,,
89,-1.35,1.0346,0.9408,8,0,,,
90,-0.3,1.0632,0.9405,2,0,,,
91,-2.5,1.0414,0.9395,11,0,,,
92,-0.45,1.2788,0.9393,3,0,,,
93,-1.0,1.0235,0.9388,6,0,,,
94,35.2,1.0761,0.9378,12,40,,,
95,10.1,1.1614,0.9374,6,12,,,
96,28.15,1.1016,0.9364,11,32,,,
97,38.4,1.1083,0.9357,9,42,,,
98,-1.4,1.0582,0.9351,8,0,,,
99,-0.8,1.2887,0.9346,5,0,,,
100,11.5,0.7867,0.9341,6,15,,,
101,10.55,1.0023,0.9332,9,14,,,
102,6.95,1.1876,0.9327,7,9,,,
103,-1.05,1.4562,0.9322,6,0,,,
104,6.85,1.0835,0.9313,11,11,,,
105,0.8,1.1092,0.9305,9,3,,,
106,-0.7,1.0617,0.9302,4,0,,,
107,-2.8,0.7886,0.9292,13,1,,,
108,-0.6,1.0945,0.9289,4,0,,,
109,10.4,1.0396,0.9279,13,14,,,
110,30.05,1.1723,0.9274,6,32,,,
111,-0.75,0.9337,0.9271,5,0,,,
112,5.35,1.1146,0.9261,9,8,,,
113,28.8,1.0883,0.9252,13,35,,,
114,0.15,1.1023,0.9243,13,3,,,
115,8.85,0.8723,0.9234,10,11,,,
116,16.15,1.0422,0.9227,7,20,,,
117,-1.05,1.038,0.9221,7,0,,,
118,-0.65,1.1008,0.9215,9,2,,,
119,-0.35,1.1554,0.9211,2,0,,,
120,15.85,1.0458,0.9206,5,19,,,
121,11.25,1.069,0.9199,10,14,,,
122,11.0,1.2575,0.9189,14,14,,,
123,14.0,1.1374,0.9182,10,19,,,
124,2.6,1.3689,0.9178,6,4,,,
125,0.9,1.2359,0.9173,6,2,,,
126,1.25,1.1971,0.9167,8,3,,,
127,6.3,1.0442,0.9157,12,13,,,
128,18.35,1.1312,0.9153,7,23,,,
129,12.5,1.1143,0.9144,7,14,,,
130,68.55,0.9339,0.9135,13,76,,,
131,17.85,1.3441,0.9125,13,21,,,
132,40.35,1.2329,0.9115,12,44,,,
133,42.85,1.1726,0.9105,14,49,,,
134,24.6,1.2205,0.9095,9,30,,,
135,1.1,1.1408,0.9092,4,2,,,
136,18.3,1.0842,0.9082,15,24,,,
137,0.05,1.0262,0.9072,12,3,,,
138,-0.7,0.7787,0.9068,4,0,,,
139,5.7,0.9802,0.9061,6,7,,,
140,2.25,1.1499,0.9053,9,4,,,
141,13.1,1.1026,0.9044,13,17,,,
142,40.75,1.0477,0.9039,8,44,,,
143,16.6,1.2854,0.9032,8,20,,,
144,66.4,1.1034,0.9025,8,75,,,
145,-0.75,1.019,0.902,5,0,,,
146,0.0,1.1757,0.9019,0,0,,,
147,1.55,1.1399,0.9009,13,4,,,
148,2.25,1.0702,0.9002,7,4,,,
149,-2.4,1.2541,0.8992,13,0,,,
150,-1.45,1.0205,0.8985,7,0,,,
151,6.15,1.0136,0.8976,9,9,,,
152,0.25,1.087,0.897,5,1,,,
153,2.85,1.3221,0.896,13,9,,,
154,2.6,1.2446,0.8954,7,5,,,
155,4.75,0.8662,0.8947,8,7,,,
156,28.3,1.0959,0.8938,12,33,,,
157,-0.6,1.0823,0.893,8,1,,,
158,7.9,0.8758,0.8927,4,9,,,
159,35.65,1.1467,0.892,9,40,,,
160,2.95,1.1621,0.891,10,5,,,
161,-2.35,1.1225,0.89,13,2,,,
162,42.75,1.1837,0.889,11,49,,,
163,8.25,1.1952,0.888,12,12,,,
164,14.85,1.1674,0.8871,12,18,,,
165,17.75,1.0622,0.8862,11,20,,,
166,12.1,0.93,0.8857,6,15,,,
167,-1.05,0.8636,0.8851,7,0,,,
168,1.9,1.1332,0.8841,13,7,,,
169,48.6,1.2497,0.8833,10,53,,,
170,13.3,1.3205,0.8825,9,16,,,
171,-0.2,1.2683,0.8818,9,2,,,
172,9.6,1.0083,0.8808,13,13,,,
173,15.65,1.2065,0.88,10,22,,,
174,-2.35,1.1903,0.879,13,0,,,
175,-1.45,1.0768,0.878,14,1,,,
176,0.7,1.2246,0.8774,7,2,,,
177,3.5,1.3206,0.8767,7,5,,,
178,0.95,1.2941,0.8762,4,2,,,
179,9.15,1.1166,0.8758,7,11,,,
180,0.95,1.0871,0.8751,7,3,,,
181,5.4,1.1198,0.8744,9,8,,,
182,1.3,1.2078,0.8737,9,5,,,
183,33.9,1.054,0.873,8,37,,,
184,-0.35,1.1766,0.8728,2,0,,,
185,-1.85,1.1981,0.8718,12,0,,,
186,5.0,1.0346,0.8707,11,8,,,
187,19.7,1.2437,0.8698,11,23,,,
188,-0.55,1.0049,0.8696,3,0,,,
189,22.7,1.2673,0.869,7,25,,,
190,33.15,1.1574,0.868,13,43,,,
191,19.5,1.0275,0.8674,8,22,,,
192,-0.55,1.2395,0.8671,3,0,,,
193,2.35,1.3505,0.8669,2,3,,,
194,-0.6,1.1744,0.8666,4,0,,,
195,10.4,0.9308,0.8659,8,15,,,
196,1.7,1.0852,0.8654,8,5,,,
197,-1.45,1.087,0.8647,6,0,,,
198,-2.0,1.0479,0.8641,7,0,,,
199,3.5,1.1601,0.8633,10,6,,,
200,0.5,1.1854,0.8629,3,1,,,
201,8.85,1.0462,0.8622,9,14,,,
202,43.0,1.011,0.8614,10,48,,,
203,4.45,0.8577,0.8607,10,7,,,
204,-0.3,1.1496,0.8602,6,1,,,
205,4.7,1.2793,0.8595,6,8,,,
206,4.95,1.0942,0.8593,2,6,,,
207,14.6,0.8531,0.8586,8,18,,,
208,4.25,0.9941,0.8578,12,8,,,
209,1.9,1.0231,0.8573,4,3,,,
210,8.7,1.3503,0.8568,7,11,,,
211,16.1,1.1261,0.8563,6,18,,,
212,-1.55,1.0768,0.8553,13,1,,,
213,0.85,1.086,0.8543,11,5,,,
214,0.25,1.1217,0.8538,7,2,,,
215,59.6,1.0576,0.853,9,63,,,
216,1.4,1.2067,0.8528,2,2,,,
217,12.0,1.038,0.8524,3,13,,,
218,1.05,1.2092,0.8521,3,2,,,
219,14.05,1.1915,0.8511,11,17,,,
220,5.6,0.9129,0.8509,2,6,,,
221,12.35,1.1641,0.8504,5,14,,,
222,14.0,0.9672,0.8496,7,19,,,
223,6.7,1.1176,0.849,7,10,,,
224,-1.5,1.1737,0.8481,10,0,,,
225,2.15,1.2187,0.8474,11,6,,,
226,36.05,1.2715,0.8464,16,46,,,
227,7.15,1.0973,0.8453,15,12,,,
228,-0.8,1.0998,0.8449,4,0,,,
229,34.6,1.1828,0.8441,9,39,,,
230,4.3,1.1213,0.8434,9,6,,,
231,13.4,1.1498,0.8428,5,16,,,
232,9.45,1.1524,0.8421,10,12,,,
233,0.75,1.0426,0.8413,9,3,,,
234,-0.55,0.9451,0.8408,3,0,,,
235,26.8,1.1203,0.8401,6,30,,,
236,-0.25,1.1188,0.8391,11,2,,,
237,12.5,1.2714,0.8386,5,14,,,
238,-0.9,0.8803,0.8381,6,0,,,
239,-0.3,0.9959,0.8376,8,1,,,
240,1.55,1.058,0.8366,14,11,,,
241,-0.7,1.0462,0.8362,3,0,,,
242,14.9,1.1081,0.8355,9,18,,,
243,41.65,1.1057,0.8345,8,45,,,
244,15.6,0.9737,0.8338,10,19,,,
245,-0.4,1.093,0.8328,11,2,,,
246,4.2,1.0586,0.8322,8,8,,,
247,94.9,1.0917,0.8314,10,99,,,
248,11.65,1.2073,0.8305,12,16,,,
249,63.3,1.0225,0.8298,8,72,,,
250,-0.6,1.4587,0.8295,3,0,,,
251,8.15,1.2164,0.8287,10,11,,,
252,6.75,1.1237,0.8277,10,10,,,
253,2.75,1.1467,0.8267,14,7,,,
254,3.7,1.21,0.8259,9,6,,,
255,-1.25,1.142,0.8254,5,0,,,
256,4.35,1.1414,0.8251,2,5,,,
257,2.15,1.1453,0.8241,11,4,,,
258,28.55,1.1029,0.823,15,37,,,
259,32.25,1.0982,0.8221,12,39,,,
260,-0.7,1.2978,0.8211,11,3,,,
261,20.1,1.1698,0.8203,10,24,,,
262,8.8,1.384,0.8197,8,11,,,
263,3.25,1.1428,0.8189,9,5,,,
264,-1.45,1.0173,0.8185,6,1,,,
265,-1.5,1.2944,0.818,5,0,,,
266,7.8,1.1772,0.8173,8,10,,,
267,-0.2,1.3791,0.8172,1,0,,,
268,4.75,1.1634,0.8166,6,6,,,
269,11.3,1.1856,0.8157,12,16,,,
270,3.25,1.2831,0.8149,11,7,,,
271,32.25,1.2023,0.8143,5,37,,,
272,5.75,1.0468,0.8138,4,7,,,
273,9.7,0.8226,0.8133,5,11,,,
274,9.6,1.2536,0.8124,9,12,,,
275,0.3,0.999,0.8114,10,2,,,
276,32.1,1.2081,0.8104,13,37,,,
277,62.4,1.2238,0.8096,14,67,,,
278,17.65,1.1412,0.8085,14,22,,,
279,-0.25,1.2726,0.8075,10,3,,,
280,10.0,0.7915,0.807,8,12,,,
281,1.05,1.066,0.8062,11,4,,,
282,32.85,1.1234,0.8052,10,39,,,
283,6.5,1.1429,0.8042,13,10,,,
284,-1.2,1.2895,0.8037,7,0,,,
285,0.3,1.2957,0.8032,7,2,,,
286,3.15,0.9211,0.8024,7,5,,,
287,13.65,1.1056,0.8019,6,16,,,
288,-0.15,0.0,0.8018,1,0,,,
289,-1.25,0.8181,0.8012,8,1,,,
290,-1.1,1.1007,0.8004,10,2,,,
291,5.65,1.4233,0.8001,4,7,,,
292,1.0,0.9542,0.7991,12,3,,,
293,7.6,1.083,0.7984,8,9,,,
294,18.7,1.2607,0.7978,7,21,,,
295,-0.9,1.1925,0.7975,5,0,,,
296,9.0,1.0603,0.7966,12,12,,,
297,-0.15,0.9694,0.7964,1,0,,,
298,15.95,1.0196,0.7957,10,18,,,
299,-0.6,0.6855,0.7954,4,0,,,
300,4.6,1.279,0.7947,7,7,,,
301,0.15,1.2374,0.7938,9,2,,,
302,17.75,1.1212,0.7932,10,20,,,
303,2.15,0.9878,0.7921,13,5,,,
304,-0.15,1.2654,0.7914,10,2,,,
305,56.55,1.1624,0.7908,8,60,,,
306,7.65,1.3065,0.7898,11,12,,,
307,12.7,1.2027,0.789,10,16,,,
308,1.6,0.9706,0.7887,2,2,,,
309,34.5,1.0176,0.7877,9,39,,,
310,23.0,1.3268,0.7868,13,28,,,
311,13.6,1.1322,0.7864,5,16,,,
312,5.95,1.0924,0.7857,11,12,,,
313,-1.65,0.9397,0.7849,9,0,,,
314,-2.0,1.0592,0.7839,12,0,,,
315,24.3,1.0008,0.7834,7,27,,,
316,-0.45,1.013,0.7831,3,0,,,
317,9.95,1.2043,0.7827,7,12,,,
318,36.5,1.1791,0.7817,15,42,,,
319,7.0,0.9469,0.7811,6,9,,,
320,-0.45,1.1469,0.7808,3,0,,,
321,2.65,0.867,0.7799,13,8,,,
322,-2.2,1.2021,0.7788,12,0,,,
323,-2.0,1.0758,0.7778,13,0,,,
324,15.1,1.115,0.7769,15,21,,,
325,28.3,1.1666,0.7759,14,33,,,
326,2.6,1.1706,0.7749,14,5,,,
327,25.5,1.0553,0.7739,14,30,,,
328,-0.6,1.1602,0.7733,8,3,,,
329,0.7,1.2198,0.7728,6,3,,,
330,6.9,1.2306,0.7724,4,8,,,
331,6.65,1.3338,0.7721,5,8,,,
332,-0.15,1.0517,0.7716,1,0,,,
333,40.85,1.1411,0.771,10,44,,,
334,1.75,1.116,0.77,11,6,,,
335,8.5,1.0464,0.7694,8,12,,,
336,2.7,1.1808,0.7685,11,6,,,
337,-0.05,1.1096,0.7675,9,2,,,
338,4.75,0.699,0.7674,1,5,,,
339,-0.75,1.3458,0.7669,5,0,,,
340,-0.7,1.294,0.7661,9,1,,,
341,1.05,1.1049,0.7651,11,5,,,
342,3.7,1.0505,0.7644,7,7,,,
343,9.2,1.0258,0.764,6,13,,,
344,17.8,1.0147,0.7629,13,21,,,
345,24.8,1.0228,0.7622,9,28,,,
346,-1.1,1.1236,0.7614,9,2,,,
347,-0.65,1.3024,0.761,4,0,,,
348,17.05,1.3011,0.7606,6,19,,,
349,-1.4,1.0611,0.7599,9,0,,,
350,15.9,1.0153,0.7589,12,20,,,
351,-1.5,1.191,0.7581,10,1,,,
352,0.55,0.9957,0.7571,15,3,,,
353,7.0,0.9784,0.7562,14,11,,,
354,25.95,0.9965,0.7552,14,35,,,
355,4.5,0.9549,0.7543,10,8,,,
356,22.9,1.0777,0.7533,15,28,,,
357,9.05,1.0398,0.7524,9,14,,,
358,0.85,0.9415,0.7518,7,2,,,
359,-0.8,1.0114,0.7515,3,0,,,
360,4.25,1.0495,0.751,8,7,,,
361,-1.55,1.1154,0.7502,9,0,,,
362,5.2,1.2479,0.7496,6,7,,,
363,15.7,1.0889,0.7489,10,19,,,
364,2.65,1.0888,0.7479,12,7,,,
365,34.7,0.7789,0.7469,12,39,,,
366,1.35,0.938,0.7459,13,5,,,
367,35.55,1.0959,0.7449,12,42,,,
368,27.85,0.9227,0.7443,8,30,,,
369,2.95,0.9559,0.7439,6,5,,,
370,5.2,1.1083,0.7431,9,7,,,
371,36.15,1.1361,0.7424,9,42,,,
372,16.65,1.127,0.7417,8,19,,,
373,-0.2,1.3045,0.7413,5,1,,,
374,44.4,0.9367,0.7403,14,50,,,
375,0.4,1.057,0.7394,8,2,,,
376,29.5,1.0361,0.7389,7,33,,,
377,1.15,1.0348,0.7384,6,3,,,
378,-1.45,1.0983,0.7376,7,0,,,
379,29.2,1.1171,0.7366,14,35,,,
380,6.85,1.0471,0.7358,8,9,,,
381,5.05,1.175,0.7348,10,7,,,
382,-0.05,1.0209,0.7342,8,3,,,
383,5.05,1.0522,0.7332,14,9,,,
384,15.05,1.0646,0.7324,10,18,,,
385,-1.25,0.9995,0.7317,8,0,,,
386,4.1,1.0067,0.731,11,8,,,
387,0.8,1.0684,0.73,14,5,,,
388,121.15,1.067,0.729,12,127,,,
389,14.55,1.1746,0.7282,9,21,,,
390,22.05,1.0743,0.7276,9,26,,,
391,-1.5,1.0578,0.7266,14,2,,,
392,12.8,1.1261,0.726,8,16,,,
393,3.15,1.3247,0.7254,8,6,,,
394,5.3,1.2248,0.7244,10,7,,,
395,4.6,0.9758,0.7241,5,6,,,
396,58.4,1.2089,0.7231,10,62,,,
397,5.85,1.1801,0.7225,8,9,,,
398,4.45,0.9703,0.7218,9,9,,,
399,2.3,0.8838,0.721,10,4,,,
400,10.1,0.9549,0.7202,8,12,,,
401,15.6,1.2285,0.7196,8,18,,,
402,3.5,1.0593,0.7187,14,12,,,
403,0.8,1.1885,0.7181,8,4,,,
404,0.8,0.9397,0.7173,9,3,,,
405,73.4,1.1553,0.7165,11,82,,,
406,2.55,1.0849,0.7154,10,5,,,
407,3.6,0.9773,0.715,5,6,,,
408,10.3,0.9483,0.7144,8,13,,,
409,5.75,1.0282,0.7135,12,9,,,
410,25.25,0.8018,0.7131,6,29,,,
411,13.25,1.142,0.7121,14,18,,,
412,3.7,0.9636,0.7118,5,5,,,
413,-1.3,1.0212,0.7113,7,0,,,
414,29.45,1.2375,0.7103,13,37,,,
415,5.8,1.0051,0.7097,7,7,,,
416,6.2,0.9025,0.7093,5,8,,,
417,12.65,1.1044,0.7083,11,15,,,
418,-0.95,0.9516,0.7073,11,1,,,
419,20.75,1.1728,0.7065,9,24,,,
420,-1.5,0.9592,0.7058,9,1,,,
421,6.45,1.0359,0.705,9,10,,,
422,7.5,1.142,0.7042,8,13,,,
423,-0.55,1.461,0.704,3,0,,,
424,9.45,1.0579,0.7031,13,12,,,
425,7.45,1.3002,0.7028,3,8,,,
426,9.4,1.1486,0.7021,8,11,,,
427,16.05,1.2612,0.7013,10,23,,,
428,12.7,0.9666,0.7003,14,17,,,
429,4.7,1.3578,0.6999,5,6,,,
430,21.15,0.9981,0.6989,13,30,,,
431,-0.65,1.1307,0.6982,9,1,,,
432,19.3,1.0762,0.6975,8,23,,,
433,14.9,1.2504,0.6967,8,18,,,
434,20.1,1.1013,0.6964,5,23,,,
435,13.3,1.0991,0.6957,9,16,,,
436,-0.6,0.9203,0.6953,4,0,,,
437,-1.05,0.9673,0.6949,7,3,,,
438,9.45,1.0753,0.694,6,12,,,
439,3.0,1.0799,0.6936,5,4,,,
440,2.4,1.1679,0.6933,4,3,,,
441,4.75,1.1384,0.6926,9,8,,,
442,6.1,1.2796,0.6921,6,7,,,
443,0.35,1.2752,0.6917,4,1,,,
444,1.05,1.1136,0.6907,14,5,,,
445,19.65,1.3069,0.6903,6,22,,,
446,19.6,1.2365,0.6897,10,25,,,
447,2.0,0.9687,0.6887,12,4,,,
448,8.35,1.0451,0.6876,14,12,,,
449,1.1,1.1926,0.6873,3,2,,,
450,8.0,1.0457,0.6863,12,11,,,
451,0.15,1.2996,0.6858,3,1,,,
452,0.45,1.0134,0.6848,11,3,,,
453,5.95,1.1298,0.684,8,8,,,
454,-1.75,1.2607,0.683,11,0,,,
455,45.55,1.228,0.6825,7,49,,,
456,13.35,0.9922,0.6821,6,16,,,
457,0.2,1.1114,0.6811,13,3,,,
458,3.1,1.136,0.6802,12,5,,,
459,19.95,0.9466,0.6795,8,30,,,
460,32.2,1.1066,0.6785,12,40,,,
461,18.05,1.0153,0.678,8,21,,,
462,7.95,1.0511,0.6772,11,11,,,
463,8.45,1.0461,0.6766,8,10,,,
464,16.15,0.9581,0.6756,14,22,,,
465,4.2,1.1614,0.6747,8,8,,,
466,23.0,1.0623,0.6742,6,25,,,
467,30.3,1.1187,0.6732,14,38,,,
468,28.65,1.3572,0.6726,8,31,,,
469,-0.5,1.2097,0.6722,3,0,,,
470,-0.45,1.1329,0.6719,3,0,,,
471,20.5,1.0155,0.6712,9,25,,,
472,17.45,0.9827,0.6705,10,21,,,
473,-1.45,0.8446,0.6697,9,0,,,
474,2.3,0.9113,0.6691,7,4,,,
475,22.7,1.2204,0.6686,7,26,,,
476,0.5,1.1054,0.6676,12,3,,,
477,19.6,0.9456,0.6668,10,24,,,
478,-0.8,0.9956,0.6665,3,0,,,
479,3.3,1.286,0.6663,2,4,,,
480,58.05,0.8547,0.6656,10,66,,,
481,30.85,0.9418,0.6649,9,38,,,
482,8.2,1.0441,0.6639,12,15,,,
483,0.15,0.9956,0.6629,9,2,,,
484,21.15,1.1028,0.6622,10,25,,,
485,1.8,1.116,0.6612,14,5,,,
486,0.2,1.1828,0.6607,7,2,,,
487,11.55,1.0734,0.6602,6,14,,,
488,37.35,1.0325,0.6595,9,41,,,
489,3.35,1.1472,0.6585,11,7,,,
490,19.55,1.1611,0.6575,13,24,,,
491,6.8,1.1598,0.6565,13,9,,,
492,19.65,1.1289,0.6556,11,24,,,
493,34.95,1.0995,0.655,6,38,,,
494,18.95,1.1267,0.6545,8,21,,,
495,18.25,1.005,0.654,8,21,,,
496,-0.15,0.9644,0.653,7,1,,,
497,2.4,1.0095,0.6524,8,4,,,
498,36.8,1.1089,0.6516,9,45,,,
499,11.85,0.942,0.6512,5,15,,,
500,-2.15,0.9227,0.6502,11,0,0.4988,11.219,-0.5003
501,41.45,1.1864,0.6492,14,52,,,
502,-1.35,1.1355,0.6484,13,2,,,
503,3.7,0.9132,0.6479,6,5,,,
504,-0.4,0.891,0.6477,2,0,,,
505,0.05,1.0697,0.6473,5,1,,,
506,-1.0,1.1689,0.6463,12,1,,,
507,-0.2,1.143,0.6462,1,0,,,
508,-0.9,1.1701,0.6455,6,0,,,
509,9.85,1.1784,0.6451,5,12,,,
510,9.5,1.0131,0.6441,9,15,,,
511,2.9,1.1223,0.6434,6,4,,,
512,3.85,0.9469,0.6424,11,6,,,
513,27.7,0.9431,0.6419,8,30,,,
514,25.05,0.9668,0.6408,14,30,,,
515,18.8,0.8567,0.6402,8,21,,,
516,5.9,1.2213,0.6395,6,7,,,
517,-0.6,1.2168,0.6389,4,0,,,
518,1.4,1.0797,0.6381,13,7,,,
519,21.85,1.1796,0.637,14,27,,,
520,1.25,1.194,0.6365,4,2,,,
521,20.35,1.1336,0.6355,14,23,,,
522,25.4,1.1609,0.635,4,27,,,
523,3.25,0.9363,0.6345,5,4,,,
524,3.65,1.0226,0.6338,8,6,,,
525,-0.2,1.0371,0.6332,7,1,,,
526,2.5,1.1948,0.6322,15,6,,,
527,21.95,1.1892,0.6315,10,25,,,
528,3.65,1.1027,0.6313,2,4,,,
529,-1.5,1.1187,0.6303,9,0,,,
530,6.85,0.9698,0.6293,13,11,,,
531,28.1,0.9666,0.6285,7,35,,,
532,9.6,0.978,0.6275,14,16,,,
533,-0.75,1.1367,0.6271,4,0,,,
534,3.65,1.2335,0.6263,7,6,,,
535,-0.3,1.1386,0.626,2,0,,,
536,42.6,0.9602,0.6252,11,49,,,
537,1.35,1.1728,0.6244,9,3,,,
538,55.5,0.9481,0.6234,13,68,,,
539,13.1,1.2501,0.6229,8,16,,,
540,6.0,1.0856,0.6219,11,9,,,
541,20.5,0.8638,0.6209,13,26,,,
542,3.4,1.0919,0.6201,10,6,,,
543,4.8,1.0414,0.6196,7,9,,,
544,38.85,1.0056,0.6185,14,46,,,
545,35.6,1.147,0.6175,12,43,,,
546,-1.3,0.8531,0.6171,5,2,,,
547,-2.45,1.0927,0.6161,11,0,,,
548,0.9,1.099,0.6158,4,2,,,
549,31.5,1.1676,0.615,10,37,,,
550,6.5,1.2448,0.6148,2,7,,,
551,-0.75,1.004,0.6138,13,4,,,
552,-1.2,1.1444,0.6128,12,1,,,
553,0.95,0.9714,0.6118,11,3,,,
554,2.75,1.1821,0.6111,10,5,,,
555,-1.7,1.0499,0.6103,10,2,,,
556,3.25,0.9603,0.6101,3,4,,,
557,15.25,1.1933,0.6096,7,17,,,
558,35.15,0.9164,0.6087,12,43,,,
559,0.7,1.282,0.6085,2,1,,,
560,-0.2,0.7118,0.6085,1,0,,,
561,16.3,0.9492,0.6081,6,19,,,
562,2.55,1.2128,0.6074,10,8,,,
563,-2.05,1.1117,0.6064,12,0,,,
564,-1.25,1.0766,0.6054,8,0,,,
565,-0.15,0.9149,0.6045,11,3,,,
566,8.25,0.8113,0.6036,13,13,,,
567,-2.7,0.9775,0.6026,13,0,,,
568,-0.15,1.0521,0.6025,1,0,,,
569,1.25,1.0294,0.6017,8,3,,,
570,18.7,1.0315,0.6012,4,20,,,
571,17.75,1.0699,0.6006,8,21,,,
572,5.2,1.039,0.5995,12,8,,,
573,-1.3,0.8351,0.599,7,0,,,
574,24.25,1.0108,0.598,14,37,,,
575,19.6,0.9052,0.5975,6,23,,,
576,57.5,0.8153,0.5964,12,66,,,
577,3.8,1.0759,0.5956,9,6,,,
578,0.75,1.073,0.5945,11,3,,,
579,10.25,1.1079,0.594,7,12,,,
580,-2.3,1.1528,0.593,13,1,,,
581,12.7,1.0473,0.5925,5,14,,,
582,17.55,1.1213,0.5919,5,19,,,
583,6.2,0.9571,0.5913,9,11,,,
584,3.1,1.1233,0.5905,9,7,,,
585,-1.35,0.955,0.5895,9,0,,,
586,2.4,1.0387,0.5888,7,4,,,
587,9.4,1.0359,0.5881,9,12,,,
588,37.05,0.9098,0.5873,7,40,,,
589,-0.3,0.9086,0.587,2,0,,,
590,27.85,0.8555,0.5862,12,34,,,
591,-0.9,0.9101,0.5856,6,0,,,
592,2.45,1.1001,0.5851,6,4,,,
593,2.4,1.1253,0.5845,8,4,,,
594,23.35,1.0658,0.5837,9,28,,,
595,6.8,0.7824,0.5832,6,8,,,
596,4.1,1.1903,0.5826,7,6,,,
597,2.25,0.8853,0.5821,7,4,,,
598,32.35,1.0831,0.5814,10,39,,,
599,13.7,0.9623,0.5808,7,16,,,
600,6.4,1.1226,0.5801,9,9,,,
601,-1.05,1.0722,0.5791,11,1,,,
602,2.35,1.2855,0.5783,8,4,,,
603,8.55,0.9616,0.5779,5,10,,,
604,13.05,1.1736,0.5769,11,16,,,
605,-1.0,1.1752,0.5761,9,2,,,
606,0.3,1.1991,0.5757,6,2,,,
607,31.3,1.0576,0.5747,15,38,,,
608,5.0,1.2423,0.574,8,7,,,
609,14.85,1.06,0.5731,10,20,,,
610,-1.15,1.0239,0.5726,7,0,,,
611,59.95,1.1068,0.5716,12,68,,,
612,3.15,1.1003,0.5706,9,5,,,
613,39.25,1.046,0.5699,10,42,,,
614,0.4,1.1652,0.5697,2,1,,,
615,8.3,0.853,0.569,10,12,,,
616,7.8,1.0606,0.5684,8,11,,,
617,0.55,0.7242,0.5679,3,1,,,
618,5.9,1.0457,0.5669,13,11,,,
619,2.95,0.9729,0.566,10,5,,,
620,1.85,0.0,0.566,1,2,,,
621,0.35,1.1654,0.5656,4,1,,,
622,-0.15,1.0269,0.565,5,1,,,
623,33.55,0.9778,0.5641,11,39,,,
624,-0.75,1.1188,0.5637,5,0,,,
625,-1.05,0.9729,0.5631,8,1,,,
626,-1.3,0.8779,0.5623,8,0,,,
627,-1.8,1.1685,0.5613,10,1,,,
628,13.0,1.0739,0.5603,11,16,,,
629,-1.15,1.0126,0.5596,7,2,,,
630,1.7,0.9272,0.5586,11,4,,,
631,5.9,1.0345,0.5582,5,8,,,
632,18.15,1.1132,0.5574,9,26,,,
633,-1.1,1.0449,0.5569,7,0,,,
634,-0.6,1.1386,0.5567,3,0,,,
635,20.4,1.0044,0.5559,10,25,,,
636,13.3,1.0441,0.555,12,17,,,
637,4.55,1.0956,0.5546,5,6,,,
638,-0.15,1.0462,0.5542,7,3,,,
639,17.3,1.0996,0.5535,9,20,,,
640,2.1,1.036,0.5528,10,4,,,
641,-1.45,1.2617,0.5518,16,2,,,
642,14.6,1.0809,0.551,10,20,,,
643,10.7,1.2183,0.55,11,13,,,
644,15.85,1.0712,0.5495,8,18,,,
645,4.65,1.2875,0.549,6,7,,,
646,10.2,0.9755,0.548,12,14,,,
647,-0.45,0.9704,0.5474,3,0,,,
648,15.15,1.188,0.5463,11,20,,,
649,4.9,1.1244,0.5455,8,8,,,
650,5.0,1.0104,0.5451,4,6,,,
651,-3.15,0.9633,0.5441,11,0,,,
652,-0.45,0.9757,0.5434,6,1,,,
653,-1.1,1.0631,0.5428,7,0,,,
654,1.55,0.9799,0.5418,11,4,,,
655,3.25,1.2348,0.5412,9,7,,,
656,9.4,0.8418,0.5405,10,12,,,
657,7.65,1.0734,0.5401,4,9,,,
658,8.3,0.9042,0.5391,13,12,,,
659,16.35,0.9959,0.538,11,20,,,
660,23.45,1.1664,0.537,11,30,,,
661,5.4,1.3418,0.5363,7,7,,,
662,66.35,0.952,0.5353,15,75,,,
663,-1.15,0.8491,0.5344,10,2,,,
664,89.4,1.0746,0.5334,14,98,,,
665,1.1,1.2332,0.5329,6,2,,,
666,3.6,1.1271,0.5319,10,8,,,
667,22.55,1.056,0.5311,10,27,,,
668,3.6,0.9281,0.5303,8,5,,,
669,4.85,0.9711,0.5299,6,7,,,
670,-1.0,1.172,0.5292,9,1,,,
671,16.25,1.0065,0.5284,10,21,,,
672,2.25,1.0397,0.5277,8,5,,,
673,3.15,1.0469,0.5267,10,5,,,
674,2.95,1.0306,0.5261,7,4,,,
675,-0.9,1.0661,0.5251,11,1,,,
676,8.95,1.1827,0.5241,12,12,,,
677,9.3,0.9307,0.523,13,12,,,
678,-0.95,0.9875,0.5224,6,0,,,
679,31.3,1.1233,0.5214,14,38,,,
680,0.05,0.9266,0.5208,6,1,,,
681,5.55,1.0839,0.5204,4,7,,,
682,37.35,0.8961,0.52,7,41,,,
683,-1.05,0.9923,0.5194,7,0,,,
684,3.4,1.1352,0.5184,11,6,,,
685,0.8,1.0617,0.5174,11,3,,,
686,28.3,1.1123,0.5166,12,32,,,
687,2.4,1.2779,0.5161,6,4,,,
688,-0.55,0.9523,0.5158,3,0,,,
689,27.4,0.9198,0.5151,10,31,,,
690,37.45,1.0133,0.5141,11,45,,,
691,3.35,1.0997,0.5134,10,6,,,
692,38.45,0.8451,0.5124,11,43,,,
693,8.85,0.9496,0.5117,9,12,,,
694,7.15,0.9627,0.5113,6,9,,,
695,1.25,1.1782,0.5106,10,4,,,
696,4.5,0.9064,0.5101,7,6,,,
697,35.9,1.133,0.5095,8,41,,,
698,-1.55,1.0814,0.5086,7,0,,,
699,-1.85,1.1957,0.5082,6,0,,,
700,18.2,1.0487,0.5074,8,22,,,
701,9.3,1.0452,0.5066,11,13,,,
702,19.45,0.9774,0.5057,12,22,,,
703,12.0,0.9527,0.5052,8,14,,,
704,58.75,1.1496,0.5042,15,66,,,
705,-0.2,1.0475,0.5036,9,3,,,
706,-0.3,0.7611,0.5035,2,0,,,
707,8.25,0.9409,0.5025,13,12,,,
708,3.35,1.0037,0.5016,9,5,,,
709,15.9,1.0225,0.5009,8,19,,,
710,-2.9,1.1827,0.5,13,0,,,
711,23.6,1.0663,0.4994,7,28,,,
712,1.15,1.0898,0.4985,9,3,,,
713,39.8,0.9661,0.498,8,44,,,
714,67.3,1.051,0.4972,9,72,,,
715,35.0,1.0522,0.4964,12,41,,,
716,-1.3,1.0941,0.4957,7,0,,,
717,-0.35,1.4938,0.4956,2,0,,,
718,3.4,1.0712,0.4949,9,5,,,
719,6.4,0.9396,0.4938,13,10,,,
720,2.25,1.0048,0.493,10,5,,,
721,-0.3,0.9204,0.4921,8,1,,,
722,8.0,0.8461,0.4915,8,10,,,
723,0.3,1.0271,0.491,6,2,,,
724,-2.0,0.9203,0.4904,7,1,,,
725,1.8,1.0608,0.4903,1,2,,,
726,45.0,0.9148,0.4893,12,53,,,
727,16.35,1.0413,0.4888,7,20,,,
728,25.7,1.1321,0.4879,10,30,,,
729,6.65,0.9429,0.4874,8,9,,,
730,-1.65,1.1939,0.4864,10,0,,,
731,10.9,1.1122,0.4854,10,14,,,
732,11.75,1.0951,0.4843,16,23,,,
733,5.45,1.2093,0.4837,7,7,,,
734,4.6,1.1392,0.4828,11,8,,,
735,-1.15,1.2371,0.4822,6,0,,,
736,-0.75,1.053,0.4817,5,0,,,
737,8.95,1.1624,0.481,9,12,,,
738,3.1,0.9849,0.4805,5,4,,,
739,21.4,1.0054,0.4799,8,28,,,
740,19.2,0.9961,0.479,14,26,,,
741,1.2,0.9694,0.4786,6,3,,,
742,1.35,0.9272,0.4777,11,4,,,
743,14.7,0.9376,0.4772,7,18,,,
744,47.7,0.9106,0.4762,11,55,,,
745,1.0,1.006,0.4752,11,3,,,
746,55.0,1.0875,0.4742,11,62,,,
747,14.0,0.9977,0.4736,7,16,,,
748,0.35,0.8755,0.4726,15,4,,,
749,10.35,1.3195,0.4716,11,15,,,
750,12.05,1.0213,0.4706,11,16,,,
751,87.05,0.8952,0.4698,12,95,,,
752,19.15,0.9158,0.4691,11,23,,,
753,7.45,1.158,0.4684,10,12,,,
754,2.05,1.0689,0.4679,6,4,,,
755,-0.7,0.8831,0.4669,12,2,,,
756,-0.95,1.1237,0.4664,5,0,,,
757,0.85,1.0893,0.4662,1,1,,,
758,15.2,1.1297,0.4652,13,20,,,
759,-0.8,1.139,0.4644,9,1,,,
760,25.85,1.1703,0.4637,10,31,,,
761,-1.25,0.7557,0.463,7,0,,,
762,35.25,0.8154,0.4625,8,39,,,
763,43.25,0.9644,0.4615,13,56,,,
764,43.3,0.8811,0.4605,12,49,,,
765,30.2,0.9488,0.46,6,34,,,
766,-0.05,1.1671,0.4589,11,3,,,
767,1.6,0.9086,0.4582,9,4,,,
768,4.2,1.0671,0.4573,10,7,,,
769,-0.45,1.0569,0.4571,2,0,,,
770,20.0,1.2561,0.4568,5,23,,,
771,-1.55,1.2222,0.4558,10,0,,,
772,0.5,1.1018,0.4551,8,2,,,
773,-3.2,1.1374,0.4541,11,0,,,
774,-0.55,0.8857,0.4539,3,0,,,
775,40.6,1.1099,0.4532,10,44,,,
776,-1.7,1.0445,0.4522,13,2,,,
777,1.6,1.042,0.4513,11,4,,,
778,27.7,0.9464,0.4506,10,34,,,
779,26.7,1.2829,0.4496,13,32,,,
780,-0.9,1.099,0.4491,6,0,,,
781,11.0,1.0255,0.4482,11,16,,,
782,1.35,0.987,0.4476,7,3,,,
783,4.7,1.1359,0.4466,13,8,,,
784,0.55,0.9996,0.4463,3,1,,,
785,2.8,1.0857,0.4453,11,5,,,
786,23.35,0.9586,0.4448,6,27,,,
787,20.2,1.066,0.4441,10,25,,,
788,46.6,1.0195,0.4436,9,54,,,
789,19.05,1.2071,0.443,6,21,,,
790,-0.3,1.0791,0.4429,2,0,,,
791,11.05,1.0885,0.4422,9,13,,,
792,23.0,0.691,0.4419,4,25,,,
793,25.7,0.8161,0.441,11,33,,,
794,-0.4,1.0133,0.4406,4,1,,,
795,10.8,1.0087,0.4396,13,15,,,
796,-1.5,1.1566,0.4386,8,0,,,
797,5.3,1.2261,0.438,8,7,,,
798,43.15,1.0815,0.4373,8,47,,,
799,17.45,1.0313,0.437,4,19,,,
800,16.05,0.9714,0.4367,5,18,,,
801,-0.6,1.025,0.4363,3,0,,,
802,25.05,0.8583,0.4358,7,28,,,
803,-0.3,1.0924,0.4355,2,0,,,
804,17.2,1.0456,0.4346,10,21,,,
805,2.0,0.9728,0.4341,9,4,,,
806,-0.35,0.9334,0.4338,2,0,,,
807,-1.35,1.0248,0.4328,7,0,,,
808,10.35,1.0453,0.4318,12,16,,,
809,-3.6,1.1146,0.4308,10,1,,,
810,8.2,1.0247,0.4298,14,18,,,
811,-1.35,1.2411,0.4291,8,0,,,
812,8.7,0.9452,0.4282,12,13,,,
813,-2.75,0.869,0.4272,14,2,,,
814,-0.85,0.9446,0.4267,5,0,,,
815,46.3,1.0012,0.4261,7,50,,,
816,-1.75,1.152,0.4251,8,0,,,
817,13.6,1.1315,0.4241,14,19,,,
818,35.85,1.0942,0.4232,14,46,,,
819,12.4,0.9774,0.4221,14,21,,,
820,5.3,1.237,0.4216,6,7,,,
821,3.0,1.2256,0.4213,4,4,,,
822,6.9,0.8278,0.4209,4,8,,,
823,3.7,1.1773,0.4204,8,6,,,
824,3.25,1.2095,0.4197,10,7,,,
825,7.0,0.8685,0.4189,10,10,,,
826,-2.7,1.0035,0.4183,5,0,,,
827,-0.2,1.12,0.4173,8,1,,,
828,4.95,1.078,0.4167,6,8,,,
829,3.05,0.8859,0.4161,6,4,,,
830,0.4,0.9025,0.4151,13,4,,,
831,2.85,1.0077,0.4141,12,6,,,
832,-2.95,1.0489,0.4131,10,1,,,
833,19.7,1.0082,0.4125,6,24,,,
834,13.15,0.668,0.412,7,16,,,
835,-2.25,1.23,0.4111,10,0,,,
836,1.15,1.0876,0.4102,8,3,,,
837,-1.3,1.0225,0.4092,8,0,,,
838,-0.95,0.9824,0.4082,12,2,,,
839,20.1,0.8956,0.4078,7,22,,,
840,4.1,0.9361,0.4071,9,6,,,
841,5.45,0.7622,0.4064,8,7,,,
842,10.95,0.7616,0.4054,16,15,,,
843,25.85,1.0666,0.4044,14,37,,,
844,0.7,0.9745,0.4036,9,5,,,
845,50.6,0.8935,0.4028,10,57,,,
846,-0.4,0.9287,0.4024,2,0,,,
847,-0.7,1.1567,0.4022,3,0,,,
848,43.55,1.1307,0.4012,14,58,,,
849,28.85,1.1008,0.4005,10,35,,,
850,9.65,0.8845,0.4,6,12,,,
851,11.2,1.1574,0.3997,5,14,,,
852,11.75,1.0676,0.399,10,14,,,
853,28.65,1.0956,0.398,14,41,,,
854,2.45,0.9554,0.3976,3,3,,,
855,24.35,0.9575,0.3969,9,28,,,
856,14.6,1.0196,0.3965,3,16,,,
857,12.4,0.9393,0.3958,10,16,,,
858,18.0,0.9906,0.395,10,23,,,
859,-0.85,1.0517,0.3943,9,1,,,
860,4.7,1.0123,0.3933,14,9,,,
861,1.6,0.7561,0.3931,2,2,,,
862,35.7,0.9954,0.3926,6,39,,,
863,5.45,1.1203,0.3917,8,13,,,
864,65.45,1.0043,0.3908,13,78,,,
865,-0.6,1.1322,0.3902,4,0,,,
866,23.35,0.9576,0.3895,8,27,,,
867,-0.6,0.9453,0.3891,4,0,,,
868,13.2,1.2744,0.3883,10,15,,,
869,26.55,1.06,0.3872,12,30,,,
870,2.85,0.9822,0.3867,7,6,,,
871,8.55,1.1573,0.386,6,10,,,
872,-1.4,0.9202,0.385,12,1,,,
873,6.75,0.9538,0.3847,2,8,,,
874,0.25,0.8174,0.3842,5,1,,,
875,-0.9,0.976,0.3833,6,0,,,
876,31.6,0.8186,0.3828,7,36,,,
877,16.05,0.9604,0.3819,12,20,,,
878,8.3,1.1354,0.3813,9,13,,,
879,1.25,1.2726,0.3803,10,3,,,
880,0.6,1.0776,0.3793,8,2,,,
881,53.15,0.8522,0.3786,10,60,,,
882,-0.4,1.0984,0.3784,2,0,,,
883,22.05,0.9805,0.3779,8,24,,,
884,-0.65,0.8025,0.3776,4,0,,,
885,14.3,1.0865,0.3769,8,17,,,
886,0.9,1.3089,0.3759,6,2,,,
887,-0.1,0.9435,0.3753,4,1,,,
888,21.1,1.3091,0.3743,12,26,,,
889,3.95,1.0779,0.3737,6,5,,,
890,19.95,1.0735,0.373,10,24,,,
891,7.45,0.8901,0.3722,8,10,,,
892,6.3,0.8872,0.3712,12,12,,,
893,21.05,1.0799,0.3707,7,23,,,
894,-0.35,0.9624,0.3696,15,4,,,
895,-0.75,1.1422,0.3689,5,0,,,
896,34.35,1.1867,0.3683,9,38,,,
897,-0.35,0.9806,0.3681,2,0,,,
898,34.25,0.9787,0.3674,11,43,,,
899,15.55,1.0178,0.3664,14,23,,,
900,-1.45,1.2962,0.3659,5,0,,,
901,-3.05,1.0666,0.3649,12,0,,,
902,17.85,1.1684,0.364,14,23,,,
903,11.7,1.0726,0.3634,8,14,,,
904,14.05,1.0144,0.3624,14,19,,,
905,55.4,0.8946,0.3614,13,64,,,
906,-0.75,1.0997,0.3605,8,1,,,
907,-2.4,0.8646,0.3595,10,0,,,
908,1.25,1.2153,0.3589,5,2,,,
909,2.5,0.9526,0.3583,7,4,,,
910,7.05,1.1185,0.3573,10,9,,,
911,-2.75,0.9106,0.3567,8,0,,,
912,-1.85,0.8789,0.3562,8,0,,,
913,-0.45,0.8073,0.3558,3,0,,,
914,9.35,1.0248,0.3549,12,16,,,
915,-0.65,1.1387,0.3539,8,1,,,
916,0.85,0.9089,0.3531,7,2,,,
917,18.55,1.0175,0.3525,8,23,,,
918,5.3,0.9073,0.3515,9,7,,,
919,17.8,1.0465,0.3505,14,25,,,
920,8.6,1.0941,0.3499,9,14,,,
921,-1.25,1.3481,0.3491,7,0,,,
922,5.5,0.9577,0.3486,8,8,,,
923,13.35,1.1495,0.3482,6,16,,,
924,64.85,0.8434,0.3472,14,75,,,
925,5.6,1.0578,0.3468,6,7,,,
926,1.2,1.0807,0.3462,8,3,,,
927,10.1,1.0758,0.3457,8,14,,,
928,-0.5,1.0169,0.3453,3,0,,,
929,8.1,0.7977,0.3444,10,12,,,
930,-4.0,0.982,0.3436,12,3,,,
931,15.15,1.1131,0.3428,9,21,,,
932,14.0,1.1257,0.342,11,20,,,
933,-0.3,1.017,0.3412,12,2,,,
934,58.85,0.8245,0.3406,9,63,,,
935,8.8,1.2548,0.3401,7,11,,,
936,-0.8,0.9387,0.3391,9,1,,,
937,26.25,1.0727,0.3384,10,30,,,
938,43.25,0.9831,0.3374,13,49,,,
939,-0.45,1.0477,0.3372,3,0,,,
940,11.15,0.9879,0.3362,11,17,,,
941,12.95,0.8217,0.3356,8,18,,,
942,-1.0,0.9895,0.3347,6,0,,,
943,2.5,1.0093,0.3343,5,4,,,
944,1.7,0.8574,0.3339,3,3,,,
945,17.7,0.9709,0.333,9,21,,,
946,11.05,0.9106,0.3324,8,13,,,
947,46.25,0.9319,0.3317,9,53,,,
948,28.55,1.0367,0.3313,6,31,,,
949,-0.55,1.1183,0.3309,3,0,,,
950,21.9,0.9827,0.3301,9,24,,,
951,3.8,0.9108,0.329,11,9,,,
952,37.5,1.0456,0.328,15,52,,,
953,15.6,1.1016,0.327,13,20,,,
954,0.5,1.1617,0.3265,7,2,,,
955,14.75,0.8811,0.3254,16,25,,,
956,-1.65,0.8097,0.3246,9,1,,,
957,-3.2,1.1697,0.3237,11,0,,,
958,-3.7,0.7632,0.3228,12,0,,,
959,-0.05,1.0665,0.3221,7,1,,,
960,21.7,1.2028,0.3214,10,27,,,
961,-0.25,1.0396,0.3204,15,3,,,
962,-0.15,1.1361,0.3202,1,0,,,
963,1.55,1.0525,0.3192,13,8,,,
964,-0.85,1.0952,0.3189,3,0,,,
965,37.5,0.8685,0.3182,10,41,,,
966,0.15,1.0608,0.3175,11,4,,,
967,3.9,0.8043,0.3168,9,8,,,
968,3.2,0.9876,0.3158,12,7,,,
969,26.8,0.8619,0.3155,4,29,,,
970,13.7,1.0968,0.3145,12,19,,,
971,13.2,0.9944,0.3138,9,17,,,
972,5.4,0.8824,0.313,9,13,,,
973,12.6,0.9269,0.3123,10,16,,,
974,16.35,0.9947,0.3114,11,21,,,
975,0.05,0.9327,0.311,5,1,,,
976,-2.15,1.0387,0.31,13,1,,,
977,-3.8,0.9533,0.309,12,0,,,
978,3.55,0.9641,0.3085,7,5,,,
979,6.1,0.8772,0.3075,14,10,,,
980,42.55,1.0417,0.3064,13,50,,,
981,-0.75,0.7621,0.306,5,0,,,
982,2.05,1.0151,0.3054,5,4,,,
983,38.15,0.893,0.3043,15,52,,,
984,0.35,0.5533,0.304,4,1,,,
985,2.25,0.8959,0.3035,6,5,,,
986,1.6,0.8664,0.3033,2,2,,,
987,1.8,0.9045,0.3028,7,3,,,
988,3.6,0.9393,0.3023,7,6,,,
989,2.4,0.9749,0.3016,7,4,,,
990,12.65,0.9142,0.3007,10,17,,,
991,27.8,1.0452,0.3,11,33,,,
992,24.45,0.9058,0.299,16,42,,,
993,24.0,1.0374,0.2981,12,29,,,
994,-2.2,0.8005,0.2973,10,2,,,
995,1.35,0.8877,0.2963,10,3,,,
996,3.55,1.0985,0.2957,7,6,,,
997,9.5,0.9191,0.295,9,14,,,
998,7.6,1.2396,0.2946,6,10,,,
999,7.25,1.0361,0.2936,13,11,,,
1000,3.75,0.9841,0.2932,7,5,0.4905,11.492,-0.5428
1001,16.5,1.2051,0.2926,7,19,,,
1002,-2.2,1.0455,0.2916,10,0,,,
1003,0.25,1.0446,0.2905,12,5,,,
1004,31.75,1.1232,0.2895,15,41,,,
1005,-0.6,1.1128,0.2892,4,0,,,
1006,15.3,1.0429,0.2882,16,26,,,
1007,-3.1,1.2145,0.2872,15,0,,,
1008,19.75,0.964,0.2863,13,27,,,
1009,10.2,1.0008,0.286,3,11,,,
1010,8.15,1.1,0.285,10,12,,,
1011,-1.1,0.9576,0.284,7,0,,,
1012,3.75,0.8986,0.2834,7,5,,,
1013,6.15,0.8976,0.2829,6,8,,,
1014,3.4,1.0193,0.2826,3,4,,,
1015,39.0,0.9916,0.2818,12,45,,,
1016,12.5,1.091,0.2808,11,15,,,
1017,5.9,1.0737,0.2798,13,9,,,
1018,1.9,0.7437,0.2795,4,3,,,
1019,46.4,0.9413,0.2784,15,56,,,
1020,8.5,0.8644,0.2776,11,11,,,
1021,3.6,1.0083,0.2771,5,5,,,
1022,13.6,0.9043,0.2764,9,17,,,
1023,4.0,0.7485,0.276,3,5,,,
1024,7.2,1.0576,0.2751,10,9,,,
1025,4.65,0.9528,0.2746,5,6,,,
1026,10.3,1.0761,0.2738,11,16,,,
1027,23.5,0.9268,0.2732,9,28,,,
1028,6.6,0.967,0.2725,7,8,,,
1029,0.0,0.9773,0.2719,8,3,,,
1030,1.65,0.812,0.2712,8,5,,,
1031,9.55,1.0083,0.2701,11,12,,,
1032,10.0,1.0991,0.2692,10,13,,,
1033,-0.65,0.7981,0.2689,3,0,,,
1034,16.0,1.0889,0.268,11,20,,,
1035,13.55,1.365,0.2677,3,15,,,
1036,20.75,0.8641,0.2671,6,22,,,
1037,-3.2,1.139,0.2661,11,0,,,
1038,7.05,1.0913,0.2655,8,12,,,
1039,2.7,1.0808,0.2651,6,4,,,
1040,34.4,0.7384,0.2648,5,36,,,
1041,-1.35,1.029,0.2638,8,0,,,
1042,25.45,1.011,0.2632,6,29,,,
1043,27.85,0.9276,0.2625,10,33,,,
1044,22.8,1.1663,0.262,7,27,,,
1045,16.1,0.8577,0.2613,9,19,,,
1046,1.75,0.9212,0.2608,6,3,,,
1047,65.0,0.9923,0.2598,15,76,,,
1048,1.6,1.3102,0.2596,2,2,,,
1049,8.3,0.9786,0.2587,9,11,,,
1050,-0.75,1.0345,0.2577,11,2,,,
1051,-1.2,1.0764,0.2574,5,0,,,
1052,30.5,0.9929,0.2567,9,37,,,
1053,13.2,0.8984,0.256,8,16,,,
1054,42.6,0.9008,0.2552,9,49,,,
1055,-0.75,0.9701,0.2544,7,1,,,
1056,22.25,0.9495,0.2534,14,30,,,
1057,0.05,1.036,0.253,4,1,,,
1058,14.15,0.9317,0.2527,3,15,,,
1059,-1.65,1.0386,0.252,10,3,,,
1060,33.95,0.8021,0.2511,7,38,,,
1061,2.3,1.1107,0.2504,11,5,,,
1062,18.75,0.5971,0.2499,7,22,,,
1063,18.9,1.198,0.2492,9,23,,,
1064,15.25,0.7895,0.2487,7,17,,,
1065,9.7,1.1996,0.2477,14,19,,,
1066,1.05,0.9693,0.2473,6,2,,,
1067,12.9,0.9933,0.2465,10,17,,,
1068,15.35,1.024,0.2454,13,21,,,
1069,2.0,1.0691,0.2449,6,3,,,
1070,17.65,0.8995,0.2442,10,21,,,
1071,11.9,0.9608,0.2432,13,15,,,
1072,4.6,0.831,0.2423,12,7,,,
1073,4.35,1.0931,0.2416,8,6,,,
1074,0.25,1.3962,0.2413,4,1,,,
1075,-2.3,0.9469,0.2405,9,0,,,
1076,27.8,1.2091,0.2403,4,30,,,
1077,0.35,0.7172,0.2397,7,3,,,
1078,2.2,0.92,0.2394,6,6,,,
1079,-1.55,0.8937,0.2387,9,0,,,
1080,65.4,1.0793,0.238,9,71,,,
1081,0.65,1.1384,0.2376,6,2,,,
1082,2.3,0.8253,0.237,8,5,,,
1083,15.6,0.8062,0.2362,13,21,,,
1084,8.1,1.1355,0.2358,6,11,,,
1085,4.45,0.9849,0.2351,10,10,,,
1086,11.25,1.0329,0.2344,9,17,,,
1087,28.85,1.0794,0.2335,14,39,,,
1088,53.1,1.1046,0.2328,10,61,,,
1089,9.05,1.0711,0.2324,5,10,,,
1090,11.85,0.7221,0.2316,10,15,,,
1091,2.8,1.054,0.2313,5,4,,,
1092,3.85,1.1334,0.2303,12,7,,,
1093,4.95,1.1033,0.2296,9,7,,,
1094,6.2,0.8086,0.2289,5,9,,,
1095,15.55,0.9516,0.2283,7,19,,,
1096,1.6,0.8667,0.2275,10,4,,,
1097,-0.8,0.9918,0.2269,7,1,,,
1098,-0.15,0.9516,0.2263,7,3,,,
1099,7.7,0.9656,0.2253,12,13,,,
1100,14.8,0.7376,0.2245,8,20,,,
1101,37.15,0.9682,0.2235,10,43,,,
1102,10.05,1.0237,0.2228,7,12,,,
1103,-0.55,0.8727,0.2225,6,1,,,
1104,-0.85,0.9209,0.2215,12,2,,,
1105,2.6,0.8984,0.2205,15,7,,,
1106,7.85,0.943,0.2199,8,12,,,
1107,36.5,0.9492,0.2189,13,46,,,
1108,23.15,0.8,0.2183,10,30,,,
1109,13.25,0.9282,0.2177,7,16,,,
1110,-2.85,1.0691,0.2169,10,0,,,
1111,30.8,0.8663,0.2161,9,37,,,
1112,0.95,1.0588,0.2156,6,2,,,
1113,0.75,1.0186,0.2147,14,5,,,
1114,3.4,1.0091,0.2138,11,6,,,
1115,3.1,0.9742,0.2133,5,5,,,
1116,1.45,1.0156,0.2123,10,4,,,
1117,1.55,0.9668,0.2118,5,3,,,
1118,0.4,0.7883,0.2108,10,2,,,
1119,2.1,0.8452,0.2098,11,5,,,
1120,7.05,1.2102,0.209,8,10,,,
1121,74.0,1.1158,0.2083,9,80,,,
1122,16.5,0.9578,0.2074,10,21,,,
1123,9.45,0.9434,0.2064,12,13,,,
1124,62.6,1.0272,0.2054,14,71,,,
1125,11.3,0.9977,0.2045,11,14,,,
1126,12.1,1.0137,0.2036,12,18,,,
1127,7.6,0.8561,0.2026,12,10,,,
1128,3.2,0.8622,0.2016,10,5,,,
1129,-0.45,0.8081,0.2012,3,0,,,
1130,2.0,0.8936,0.2005,5,3,,,
1131,13.8,1.003,0.1999,10,18,,,
1132,16.55,1.1133,0.1995,7,19,,,
1133,53.15,0.9248,0.1985,13,63,,,
1134,2.65,0.8494,0.1982,4,4,,,
1135,-0.55,0.8755,0.1977,6,1,,,
1136,0.95,0.9057,0.1971,6,2,,,
1137,1.9,1.0463,0.1966,5,3,,,
1138,3.5,0.8538,0.1962,6,5,,,
1139,31.2,0.8173,0.1956,7,34,,,
1140,24.55,0.6895,0.1953,5,27,,,
1141,4.25,1.017,0.1946,7,6,,,
1142,-0.75,1.0108,0.1943,3,0,,,
1143,27.95,1.0137,0.1933,14,37,,,
1144,12.35,1.1084,0.1928,7,16,,,
1145,-0.85,0.8979,0.1924,5,0,,,
1146,18.85,1.0681,0.1918,7,22,,,
1147,15.85,0.9387,0.1908,16,24,,,
1148,18.1,1.0332,0.1902,10,23,,,
1149,-1.4,1.0218,0.1891,9,0,,,
1150,9.15,1.0107,0.189,3,10,,,
1151,23.15,0.8919,0.1881,10,29,,,
1152,17.95,0.9343,0.1877,5,20,,,
1153,-1.0,1.0392,0.187,6,0,,,
1154,11.15,0.9576,0.1865,7,14,,,
1155,13.6,0.9641,0.1861,6,16,,,
1156,54.85,0.9631,0.1855,8,61,,,
1157,-0.9,1.2293,0.1853,3,0,,,
1158,4.3,0.926,0.1846,10,9,,,
1159,21.25,1.0598,0.1839,11,29,,,
1160,2.3,0.8997,0.1834,8,7,,,
1161,-1.1,0.9688,0.1826,7,0,,,
1162,2.8,0.9359,0.1821,5,4,,,
1163,-0.9,0.8752,0.1815,6,0,,,
1164,-1.15,0.8042,0.1805,7,0,,,
1165,1.45,0.9701,0.1798,7,3,,,
1166,3.25,0.9375,0.1795,4,4,,,
1167,18.7,0.8489,0.1786,11,22,,,
1168,10.55,0.955,0.1781,7,12,,,
1169,33.4,1.17,0.1772,12,37,,,
1170,-3.2,1.0219,0.1762,14,0,,,
1171,5.5,1.0464,0.1759,4,7,,,
1172,10.7,0.9575,0.175,12,14,,,
1173,-0.45,1.0199,0.1748,3,0,,,
1174,-4.1,0.9392,0.1738,16,0,,,
1175,11.15,0.896,0.1731,8,13,,,
1176,10.7,0.902,0.1724,9,15,,,
1177,4.1,1.125,0.1717,10,9,,,
1178,59.05,0.995,0.1709,10,67,,,
1179,11.65,0.7724,0.1702,7,13,,,
1180,-0.85,0.831,0.1696,5,0,,,
1181,-1.95,0.9792,0.1686,12,2,,,
1182,22.55,1.0304,0.168,7,26,,,
1183,0.05,0.9115,0.167,11,3,,,
1184,3.1,1.0849,0.1664,8,5,,,
1185,7.6,0.9373,0.1656,9,10,,,
1186,46.7,1.0797,0.165,10,51,,,
1187,10.2,0.9752,0.1646,5,11,,,
1188,19.2,1.2432,0.1643,3,21,,,
1189,13.45,0.9618,0.1633,11,18,,,
1190,2.2,0.88,0.1629,4,3,,,
1191,19.9,1.0403,0.1619,10,24,,,
1192,3.8,0.9575,0.1609,8,6,,,
1193,2.0,0.8693,0.1604,5,3,,,
1194,16.4,0.9044,0.1594,12,22,,,
1195,31.7,0.8076,0.1587,8,34,,,
1196,-1.55,0.8724,0.1581,7,0,,,
1197,44.75,0.7723,0.1572,15,52,,,
1198,4.7,0.9437,0.1565,6,6,,,
1199,23.95,1.003,0.1555,7,26,,,
1200,3.9,0.9656,0.1546,9,6,,,
1201,21.15,0.8073,0.1539,8,26,,,
1202,3.0,0.94,0.1534,6,5,,,
1203,4.3,0.9119,0.1528,10,10,,,
1204,7.6,0.9472,0.1518,13,12,,,
1205,0.95,1.0629,0.151,11,3,,,
1206,53.55,0.6597,0.1504,7,58,,,
1207,-0.85,0.7769,0.1501,5,0,,,
1208,9.15,0.8822,0.1492,11,13,,,
1209,16.2,0.8358,0.1482,11,20,,,
1210,0.45,0.8416,0.1472,12,10,,,
1211,14.7,0.9718,0.1468,5,17,,,
1212,133.3,0.7569,0.1458,15,142,,,
1213,35.6,0.8582,0.145,10,41,,,
1214,42.4,0.8992,0.1442,10,49,,,
1215,11.0,1.2023,0.1436,8,13,,,
1216,-0.4,1.0602,0.1429,6,1,,,
1217,7.65,0.9479,0.1423,7,9,,,
1218,15.9,0.9437,0.1415,9,21,,,
1219,39.2,0.9114,0.1411,5,42,,,
1220,35.95,1.0712,0.1404,9,40,,,
1221,16.6,1.1,0.1396,9,19,,,
1222,91.4,0.9529,0.1385,11,100,,,
1223,16.05,0.9874,0.1378,12,21,,,
1224,-3.4,1.0844,0.137,10,2,,,
1225,-0.1,1.0811,0.1363,8,2,,,
1226,42.25,0.9799,0.1354,10,47,,,
1227,8.6,1.0128,0.1347,9,11,,,
1228,2.85,0.8757,0.1342,5,4,,,
1229,12.3,1.0902,0.1339,4,15,,,
1230,12.15,0.9564,0.1329,13,17,,,
1231,30.1,1.0098,0.1322,9,36,,,
1232,12.75,1.1125,0.1313,12,17,,,
1233,3.1,0.8451,0.1302,9,6,,,
1234,16.7,0.8798,0.1299,3,18,,,
1235,-0.6,0.964,0.1295,5,1,,,
1236,3.5,0.9771,0.129,7,7,,,
1237,-0.6,0.9648,0.1285,4,0,,,
1238,0.75,1.1631,0.1278,8,3,,,
1239,30.35,1.155,0.1272,9,34,,,
1240,8.0,0.9346,0.1264,11,14,,,
1241,16.1,0.9968,0.1254,11,19,,,
1242,33.9,1.1006,0.1244,13,44,,,
1243,1.05,1.0079,0.1238,9,4,,,
1244,33.15,0.942,0.1228,16,44,,,
1245,2.1,0.8105,0.1222,6,4,,,
1246,3.4,1.0627,0.1216,7,5,,,
1247,56.9,1.0323,0.1212,7,60,,,
1248,-1.9,0.9134,0.1202,12,0,,,
1249,4.7,0.9282,0.1192,14,11,,,
1250,0.35,1.0908,0.1183,8,2,,,
1251,18.45,0.9036,0.1174,12,25,,,
1252,7.65,0.9524,0.1169,6,9,,,
1253,6.65,1.0196,0.1159,10,9,,,
1254,20.4,0.9084,0.1154,7,26,,,
1255,-1.05,1.05,0.1149,7,0,,,
1256,10.35,0.7392,0.1143,7,13,,,
1257,52.5,1.0148,0.1135,11,59,,,
1258,26.35,1.0696,0.1129,8,31,,,
1259,4.5,1.1548,0.1123,7,6,,,
1260,81.5,0.915,0.1112,14,95,,,
1261,2.05,0.9196,0.1107,6,5,,,
1262,2.8,0.9648,0.11,10,8,,,
1263,20.4,0.9293,0.109,13,26,,,
1264,-0.2,0.9668,0.1085,5,1,,,
1265,-0.8,0.8999,0.1075,10,1,,,
1266,12.65,1.1238,0.1071,6,15,,,
1267,9.7,0.915,0.1065,7,12,,,
1268,32.2,1.1863,0.1055,16,39,,,
1269,4.25,0.8473,0.1048,9,6,,,
1270,14.4,1.0157,0.1038,15,17,,,
1271,-1.7,1.105,0.1028,10,0,,,
1272,14.0,0.9461,0.1024,7,17,,,
1273,15.25,0.9775,0.1018,8,20,,,
1274,13.75,0.8796,0.1009,11,17,,,
1275,20.7,0.8509,0.1,10,26,,,
1276,12.65,0.9184,0.099,13,20,,,
1277,9.5,0.6189,0.0986,6,12,,,
1278,21.25,0.8392,0.0978,12,28,,,
1279,1.65,0.9926,0.0967,14,8,,,
1280,3.7,1.0109,0.0957,8,6,,,
1281,35.15,1.0447,0.0948,9,40,,,
1282,-1.0,0.9213,0.0941,6,0,,,
1283,5.45,0.9259,0.0936,7,10,,,
1284,5.4,0.7499,0.0932,3,6,,,
1285,37.1,0.834,0.0928,4,39,,,
1286,-0.35,1.0339,0.0919,8,1,,,
1287,46.55,0.9309,0.0911,12,57,,,
1288,34.2,1.0855,0.0901,13,46,,,
1289,139.45,0.9957,0.0891,15,154,,,
1290,7.85,0.956,0.0886,5,10,,,
1291,2.9,1.0578,0.0879,9,5,,,
1292,6.4,0.981,0.0869,15,10,,,
1293,-0.2,1.0974,0.0863,8,1,,,
1294,11.7,0.9276,0.0857,10,14,,,
1295,10.45,0.9288,0.085,10,13,,,
1296,15.25,1.0353,0.0841,12,19,,,
1297,-1.95,1.0337,0.0832,8,0,,,
1298,34.75,0.9555,0.0822,13,43,,,
1299,-0.85,1.1411,0.0819,4,0,,,
1300,-0.45,0.7811,0.081,7,1,,,
1301,0.6,1.1535,0.0801,6,2,,,
1302,2.6,0.9228,0.0795,5,4,,,
1303,15.4,1.1155,0.0784,12,21,,,
1304,7.55,0.9305,0.0775,10,13,,,
1305,13.0,1.1314,0.0767,8,17,,,
1306,-0.1,1.0408,0.076,9,2,,,
1307,20.45,1.1616,0.0751,11,24,,,
1308,29.95,0.9454,0.0741,12,38,,,
1309,12.4,1.2266,0.0732,12,15,,,
1310,0.6,1.0071,0.0726,7,2,,,
1311,2.3,1.0811,0.0719,8,4,,,
1312,11.45,1.125,0.0711,11,16,,,
1313,-1.9,0.975,0.0703,8,0,,,
1314,2.05,1.1314,0.0697,8,4,,,
1315,35.8,0.77,0.0691,9,46,,,
1316,3.7,1.0394,0.0684,8,6,,,
1317,-0.35,0.8577,0.0682,2,0,,,
1318,21.4,0.8508,0.0678,6,24,,,
1319,16.05,0.94,0.0672,8,19,,,
1320,2.55,0.8942,0.0662,11,5,,,
1321,0.95,1.0413,0.0658,5,4,,,
1322,34.5,0.9103,0.0648,16,43,,,
1323,47.0,1.0298,0.0643,8,53,,,
1324,2.2,0.7717,0.0637,6,4,,,
1325,4.8,0.7131,0.0635,4,6,,,
1326,6.55,0.8125,0.0625,15,11,,,
1327,38.55,0.9818,0.0615,15,45,,,
1328,20.0,1.0062,0.0605,11,24,,,
1329,13.5,1.0017,0.0594,11,18,,,
1330,-1.2,0.9576,0.059,5,0,,,
1331,41.25,0.9022,0.0584,9,49,,,
1332,13.85,0.834,0.0575,11,19,,,
1333,-1.2,0.6136,0.0567,10,2,,,
1334,14.5,0.8571,0.0558,9,21,,,
1335,-1.7,1.1201,0.0548,8,0,,,
1336,-0.05,0.9492,0.0543,5,1,,,
1337,20.15,0.955,0.0536,10,23,,,
1338,14.15,0.8882,0.053,9,19,,,
1339,15.85,1.0733,0.0526,5,19,,,
1340,10.6,0.8676,0.052,7,13,,,
1341,3.0,0.9781,0.0513,9,5,,,
1342,14.0,0.8738,0.0508,6,16,,,
1343,6.05,0.7333,0.0503,6,9,,,
1344,2.65,0.9757,0.05,8,4,,,
1345,31.25,0.8692,0.05,11,35,,,
1346,6.25,1.0098,0.05,11,9,,,
1347,0.15,0.8144,0.05,4,1,,,
1348,7.4,0.9558,0.05,6,9,,,
1349,4.2,0.9948,0.05,8,6,,,
1350,1.95,0.9557,0.05,10,4,,,
1351,-1.75,0.7737,0.05,11,0,,,
1352,31.05,1.0992,0.05,14,35,,,
1353,10.85,1.0016,0.05,10,14,,,
1354,30.2,1.0718,0.05,7,32,,,
1355,1.05,0.9772,0.05,5,2,,,
1356,7.3,0.9838,0.05,7,9,,,
1357,5.2,0.84,0.05,9,8,,,
1358,14.25,0.9863,0.05,10,19,,,
1359,7.4,1.0017,0.05,12,11,,,
1360,11.75,0.8879,0.05,10,15,,,
1361,-0.15,0.9431,0.05,5,1,,,
1362,20.0,0.8968,0.05,10,25,,,
1363,1.65,0.9379,0.05,7,4,,,
1364,12.5,1.0852,0.05,9,17,,,
1365,6.75,0.9546,0.05,14,14,,,
1366,66.6,0.8928,0.05,13,75,,,
1367,64.45,0.9429,0.05,14,75,,,
1368,-0.05,0.9774,0.05,6,2,,,
1369,1.1,1.0908,0.05,8,4,,,
1370,14.85,0.7602,0.05,12,19,,,
1371,0.65,0.9456,0.05,6,2,,,
1372,19.35,0.9863,0.05,4,21,,,
1373,25.95,1.165,0.05,8,30,,,
1374,4.1,1.1233,0.05,9,6,,,
1375,45.3,1.0969,0.05,8,49,,,
1376,-1.5,0.8851,0.05,7,0,,,
1377,8.35,0.95,0.05,9,12,,,
1378,13.0,0.9479,0.05,11,16,,,
1379,-0.6,0.9473,0.05,4,0,,,
1380,22.6,0.8833,0.05,7,28,,,
1381,-0.3,1.1715,0.05,2,0,,,
1382,52.4,1.1458,0.05,13,58,,,
1383,50.75,0.8951,0.05,11,61,,,
1384,17.75,0.9902,0.05,5,20,,,
1385,9.45,0.9879,0.05,10,12,,,
1386,-0.75,0.8323,0.05,4,0,,,
1387,-0.75,0.6984,0.05,4,0,,,
1388,7.35,0.9949,0.05,9,10,,,
1389,-0.25,1.2123,0.05,1,0,,,
1390,21.8,0.9144,0.05,11,28,,,
1391,8.95,1.0443,0.05,5,11,,,
1392,12.0,0.9339,0.05,6,14,,,
1393,5.0,1.058,0.05,6,7,,,
1394,-1.0,0.8256,0.05,5,0,,,
1395,-0.45,0.6313,0.05,3,0,,,
1396,6.35,1.1041,0.05,12,10,,,
1397,22.5,1.0285,0.05,11,30,,,
1398,6.7,0.9737,0.05,15,17,,,
1399,-1.45,1.0266,0.05,12,1,,,
1400,-0.4,0.6759,0.05,5,1,,,
1401,4.35,1.0572,0.05,9,6,,,
1402,3.8,0.9788,0.05,10,7,,,
1403,-1.95,1.0638,0.05,9,0,,,
1404,2.45,0.9037,0.05,6,4,,,
1405,-2.25,1.0689,0.05,10,0,,,
1406,-1.75,0.9204,0.05,7,0,,,
1407,7.7,1.064,0.05,11,12,,,
1408,23.15,0.7796,0.05,12,32,,,
1409,13.15,0.93,0.05,11,18,,,
1410,9.55,1.0447,0.05,10,13,,,
1411,17.25,0.8271,0.05,13,23,,,
1412,0.1,0.7349,0.05,10,3,,,
1413,15.2,1.1224,0.05,16,23,,,
1414,-1.2,1.158,0.05,8,1,,,
1415,1.7,0.7707,0.05,1,2,,,
1416,12.15,0.5508,0.05,9,16,,,
1417,10.3,0.7762,0.05,7,12,,,
1418,-1.7,1.0077,0.05,9,1,,,
1419,0.6,1.1116,0.05,6,2,,,
1420,1.25,0.82,0.05,11,4,,,
1421,16.4,0.8933,0.05,10,20,,,
1422,20.1,0.8385,0.05,13,26,,,
1423,6.05,0.9398,0.05,10,11,,,
1424,-1.3,0.805,0.05,7,1,,,
1425,26.85,0.9174,0.05,14,34,,,
1426,25.35,1.1701,0.05,6,29,,,
1427,3.1,0.9575,0.05,9,6,,,
1428,38.0,1.0453,0.05,13,49,,,
1429,-0.5,0.597,0.05,3,0,,,
1430,20.4,0.9356,0.05,12,27,,,
1431,1.6,0.5933,0.05,2,2,,,
1432,-1.15,0.9179,0.05,9,1,,,
1433,17.5,1.1185,0.05,10,21,,,
1434,4.15,0.782,0.05,13,8,,,
1435,-1.9,0.7186,0.05,6,0,,,
1436,2.2,0.7958,0.05,12,8,,,
1437,-0.6,0.9535,0.05,4,0,,,
1438,-0.65,0.9664,0.05,6,1,,,
1439,9.0,0.8663,0.05,9,11,,,
1440,0.9,0.8956,0.05,9,4,,,
1441,19.45,0.9017,0.05,10,25,,,
1442,35.1,0.9004,0.05,2,36,,,
1443,57.65,0.8818,0.05,9,70,,,
1444,-0.9,0.9968,0.05,6,0,,,
1445,0.1,1.0038,0.05,6,1,,,
1446,13.4,0.8928,0.05,11,17,,,
1447,16.4,1.0179,0.05,11,19,,,
1448,17.9,0.9968,0.05,5,23,,,
1449,44.35,0.9165,0.05,16,59,,,
1450,0.7,0.8508,0.05,10,3,,,
1451,-0.8,0.971,0.05,9,1,,,
1452,3.8,0.9253,0.05,9,6,,,
1453,57.7,1.025,0.05,15,72,,,
1454,42.35,0.8458,0.05,12,50,,,
1455,4.75,0.8159,0.05,13,8,,,
1456,4.4,0.8372,0.05,7,8,,,
1457,2.65,1.025,0.05,13,7,,,
1458,0.55,1.0744,0.05,6,4,,,
1459,12.2,0.975,0.05,13,15,,,
1460,-1.7,0.926,0.05,8,0,,,
1461,8.35,0.9549,0.05,14,15,,,
1462,0.05,0.9142,0.05,5,1,,,
1463,3.35,0.9639,0.05,3,4,,,
1464,2.95,1.0132,0.05,4,4,,,
1465,-1.1,0.8178,0.05,7,0,,,
1466,32.35,0.9455,0.05,7,35,,,
1467,5.4,1.0063,0.05,7,7,,,
1468,10.55,0.7396,0.05,7,14,,,
1469,2.4,1.0406,0.05,3,3,,,
1470,-0.95,1.0816,0.05,9,1,,,
1471,1.8,0.9145,0.05,1,2,,,
1472,9.5,0.6813,0.05,6,11,,,
1473,20.9,1.023,0.05,12,27,,,
1474,6.6,0.8475,0.05,7,8,,,
1475,0.55,1.1559,0.05,3,1,,,
1476,30.1,0.8575,0.05,6,32,,,
1477,5.9,1.0017,0.05,9,8,,,
1478,-0.65,1.0145,0.05,4,0,,,
1479,30.8,0.9069,0.05,11,36,,,
1480,5.15,0.5931,0.05,5,7,,,
1481,0.65,0.8814,0.05,2,1,,,
1482,-1.1,0.8271,0.05,7,0,,,
1483,11.65,0.8639,0.05,7,13,,,
1484,-0.15,0.9006,0.05,1,0,,,
1485,49.45,0.8589,0.05,10,55,,,
1486,10.35,0.9505,0.05,7,14,,,
1487,2.3,0.7514,0.05,8,4,,,
1488,21.15,1.0285,0.05,9,26,,,
1489,3.0,0.8949,0.05,10,7,,,
1490,14.0,1.0915,0.05,5,16,,,
1491,12.3,1.0084,0.05,15,19,,,
1492,29.5,0.8997,0.05,14,41,,,
1493,12.1,0.8682,0.05,12,19,,,
1494,8.45,1.1187,0.05,7,13,,,
1495,-0.85,0.8612,0.05,11,2,,,
1496,-0.1,1.2682,0.05,5,2,,,
1497,7.95,0.8761,0.05,9,11,,,
1498,38.55,1.0175,0.05,11,45,,,
1499,-1.45,1.016,0.05,7,0,,,
1500,5.55,1.015,0.05,10,8,0.4727,9.961,-0.3434
1501,13.85,0.8868,0.05,14,26,,,
1502,16.8,0.7272,0.05,9,21,,,
1503,7.3,0.8997,0.05,10,11,,,
1504,14.2,0.8833,0.05,7,17,,,
1505,20.3,0.9389,0.05,10,27,,,
1506,0.2,0.9132,0.05,4,1,,,
1507,18.95,0.9232,0.05,11,24,,,
1508,31.65,1.0143,0.05,14,39,,,
1509,24.9,0.9397,0.05,7,29,,,
1510,3.55,0.9323,0.05,7,6,,,
1511,-1.15,0.9336,0.05,9,1,,,
1512,-0.3,1.3916,0.05,2,0,,,
1513,72.1,1.0175,0.05,16,85,,,
1514,-0.95,0.9777,0.05,6,0,,,
1515,12.55,1.0847,0.05,7,15,,,
1516,61.35,1.0591,0.05,10,70,,,
1517,0.7,0.9252,0.05,12,5,,,
1518,0.65,0.9608,0.05,11,3,,,
1519,26.05,0.8222,0.05,5,29,,,
1520,6.15,0.9039,0.05,12,10,,,
1521,-0.1,0.8735,0.05,8,2,,,
1522,28.1,0.8415,0.05,10,33,,,
1523,13.7,0.6132,0.05,5,16,,,
1524,4.05,1.0138,0.05,7,6,,,
1525,-1.25,0.8047,0.05,3,0,,,
1526,27.75,1.2079,0.05,4,32,,,
1527,-3.45,0.9986,0.05,9,0,,,
1528,-0.3,0.9462,0.05,2,0,,,
1529,0.7,0.9298,0.05,10,3,,,
1530,27.45,0.8974,0.05,13,31,,,
1531,29.35,0.7968,0.05,11,34,,,
1532,10.75,0.938,0.05,13,18,,,
1533,3.8,0.819,0.05,9,7,,,
1534,9.25,0.8472,0.05,10,12,,,
1535,-0.35,0.7092,0.05,1,0,,,
1536,23.3,0.8322,0.05,11,28,,,
1537,7.6,1.1501,0.05,10,11,,,
1538,21.6,1.0288,0.05,14,28,,,
1539,0.7,1.0381,0.05,2,1,,,
1540,13.6,1.0424,0.05,7,15,,,
1541,20.7,0.9755,0.05,11,28,,,
1542,2.5,0.9722,0.05,13,5,,,
1543,11.15,1.0487,0.05,6,13,,,
1544,-0.85,0.8234,0.05,11,3,,,
1545,42.65,0.8747,0.05,9,48,,,
1546,3.55,1.0067,0.05,7,5,,,
1547,6.65,0.9169,0.05,14,13,,,
1548,20.15,0.9592,0.05,4,21,,,
1549,98.4,0.7396,0.05,13,107,,,
1550,2.35,0.8323,0.05,10,5,,,
1551,0.4,0.799,0.05,4,1,,,
1552,-3.1,0.8966,0.05,13,1,,,
1553,-0.5,0.9945,0.05,3,0,,,
1554,3.6,0.8907,0.05,9,7,,,
1555,2.4,0.9765,0.05,8,4,,,
1556,14.15,1.0127,0.05,4,17,,,
1557,41.85,1.0004,0.05,15,50,,,
1558,25.9,1.0347,0.05,16,33,,,
1559,8.45,0.8751,0.05,14,12,,,
1560,2.1,0.7453,0.05,5,3,,,
1561,0.9,0.9334,0.05,7,2,,,
1562,-3.8,0.8143,0.05,12,0,,,
1563,14.15,1.1401,0.05,16,25,,,
1564,-0.15,0.0,0.05,1,0,,,
1565,35.3,1.0699,0.05,8,40,,,
1566,36.45,0.9011,0.05,16,46,,,
1567,7.45,0.9705,0.05,10,11,,,
1568,0.2,1.0216,0.05,8,2,,,
1569,15.4,1.0926,0.05,9,19,,,
1570,-0.6,1.0248,0.05,4,0,,,
1571,0.3,0.9664,0.05,6,2,,,
1572,14.5,0.8736,0.05,14,20,,,
1573,0.35,0.8541,0.05,4,1,,,
1574,13.65,0.9146,0.05,10,19,,,
1575,53.35,0.9458,0.05,10,60,,,
1576,1.5,1.0334,0.05,5,3,,,
1577,-0.35,1.0092,0.05,11,3,,,
1578,14.8,0.9752,0.05,14,23,,,
1579,24.5,0.8188,0.05,6,29,,,
1580,15.85,0.8996,0.05,13,21,,,
1581,-0.7,0.8822,0.05,4,0,,,
1582,11.9,1.0298,0.05,7,14,,,
1583,-1.35,0.6579,0.05,6,0,,,
1584,-0.45,0.9105,0.05,3,0,,,
1585,0.65,1.0228,0.05,8,2,,,
1586,33.3,0.7867,0.05,14,43,,,
1587,0.15,0.8718,0.05,5,1,,,
1588,41.85,0.7845,0.05,14,48,,,
1589,10.95,1.0843,0.05,5,14,,,
1590,40.15,0.8745,0.05,13,49,,,
1591,4.0,0.8938,0.05,8,7,,,
1592,5.05,1.0228,0.05,13,9,,,
1593,27.0,0.9328,0.05,5,31,,,
1594,19.5,0.9956,0.05,13,31,,,
1595,7.15,0.8554,0.05,13,14,,,
1596,9.25,0.9732,0.05,15,15,,,
1597,4.95,0.8977,0.05,10,12,,,
1598,10.65,1.0637,0.05,4,13,,,
1599,3.4,0.951,0.05,13,7,,,
1600,2.2,0.8358,0.05,8,4,,,
1601,5.3,0.839,0.05,13,11,,,
1602,27.4,0.8227,0.05,7,31,,,
1603,114.65,0.9492,0.05,13,121,,,
1604,29.55,1.012,0.05,7,31,,,
1605,-0.35,0.8426,0.05,11,3,,,
1606,5.1,1.0886,0.05,9,8,,,
1607,3.9,0.7891,0.05,5,6,,,
1608,13.85,1.0348,0.05,13,26,,,
1609,0.05,0.8172,0.05,5,1,,,
1610,4.15,0.8552,0.05,8,6,,,
1611,22.4,0.9763,0.05,11,30,,,
1612,-1.2,0.8965,0.05,13,3,,,
1613,-3.0,0.9607,0.05,8,0,,,
1614,-1.25,1.0498,0.05,10,3,,,
1615,26.35,0.9059,0.05,5,29,,,
1616,-0.6,0.589,0.05,3,0,,,
1617,12.6,0.7908,0.05,13,18,,,
1618,-0.5,0.815,0.05,3,0,,,
1619,-1.7,0.7772,0.05,4,0,,,
1620,-0.45,0.9099,0.05,7,1,,,
1621,8.0,0.9561,0.05,6,10,,,
1622,-1.25,1.024,0.05,6,0,,,
1623,3.35,0.942,0.05,11,6,,,
1624,37.0,0.986,0.05,14,51,,,
1625,0.75,1.0729,0.05,5,2,,,
1626,-0.8,0.8334,0.05,5,0,,,
1627,2.25,0.89,0.05,5,4,,,
1628,24.2,0.8932,0.05,8,28,,,
1629,8.35,0.8361,0.05,9,12,,,
1630,0.85,0.9441,0.05,11,4,,,
1631,17.0,0.8174,0.05,9,19,,,
1632,8.7,0.895,0.05,11,13,,,
1633,16.8,0.8471,0.05,15,25,,,
1634,26.05,0.8472,0.05,10,31,,,
1635,63.6,0.9154,0.05,11,69,,,
1636,3.25,0.8996,0.05,14,10,,,
1637,5.65,0.5646,0.05,8,8,,,
1638,20.2,0.6619,0.05,9,24,,,
1639,7.6,0.7805,0.05,9,10,,,
1640,2.75,0.7772,0.05,5,4,,,
1641,2.0,0.8539,0.05,5,3,,,
1642,1.3,0.8154,0.05,8,3,,,
1643,0.55,1.0354,0.05,9,4,,,
1644,-0.3,0.9782,0.05,2,0,,,
1645,6.05,0.8076,0.05,13,11,,,
1646,16.75,0.9202,0.05,16,26,,,
1647,24.5,1.137,0.05,7,27,,,
1648,4.95,0.9735,0.05,4,6,,,
1649,7.75,0.9221,0.05,14,13,,,
1650,1.45,1.1125,0.05,12,4,,,
1651,-1.45,0.8349,0.05,4,0,,,
1652,24.45,0.7563,0.05,6,27,,,
1653,7.95,0.876,0.05,10,11,,,
1654,-0.2,1.237,0.05,1,0,,,
1655,27.6,1.0798,0.05,11,34,,,
1656,8.9,0.7674,0.05,7,11,,,
1657,0.2,0.7556,0.05,4,1,,,
1658,1.65,0.9248,0.05,5,3,,,
1659,0.55,1.1815,0.05,3,1,,,
1660,17.6,1.2502,0.05,6,20,,,
1661,10.05,0.673,0.05,14,17,,,
1662,11.25,1.204,0.05,8,13,,,
1663,10.5,0.7805,0.05,9,17,,,
1664,15.35,0.9265,0.05,10,19,,,
1665,-1.5,0.9311,0.05,10,1,,,
1666,-1.35,0.8264,0.05,7,0,,,
1667,-1.05,0.7945,0.05,7,0,,,
1668,-1.85,1.0673,0.05,6,0,,,
1669,68.8,0.9308,0.05,16,76,,,
1670,20.3,0.6914,0.05,11,24,,,
1671,-0.15,1.0931,0.05,1,0,,,
1672,16.05,0.9519,0.05,14,20,,,
1673,1.2,0.9508,0.05,7,3,,,
1674,39.4,1.0483,0.05,9,43,,,
1675,9.95,0.8326,0.05,6,11,,,
1676,4.55,0.8766,0.05,10,8,,,
1677,1.05,1.0912,0.05,4,2,,,
1678,16.75,0.7908,0.05,7,22,,,
1679,9.9,0.8321,0.05,9,12,,,
1680,10.85,0.9284,0.05,12,17,,,
1681,1.75,1.0481,0.05,9,5,,,
1682,-1.05,1.0963,0.05,6,0,,,
